best_val_ce,elapsed_sec_chunk,elapsed_sec_cumulative,family,run,seed,step,tokens_per_sec,tokens_seen,train_ce,val_ce
,0.5866109000053257,0.5866109000053257,drm,drm_37m_causal_anderson_b8_seed_1,1,1,1745.6204785671446,1024,5.66168212890625,
2.3919094800949097,168.5322646999848,168.5322646999848,drm,drm_37m_causal_anderson_b8_seed_1,1,977,5936.240172058224,1000448,2.3754286766052246,2.3919094800949097
2.1999236345291138,336.14507650001906,336.14507650001906,drm,drm_37m_causal_anderson_b8_seed_1,1,1954,5952.47748630906,2000896,2.31905460357666,2.1999236345291138
2.1478192806243896,512.6067963999812,512.6067963999812,drm,drm_37m_causal_anderson_b8_seed_1,1,2930,5853.063246666134,3000320,2.2516536712646484,2.1478192806243896
2.1416558623313904,686.0037002000026,686.0037002000026,drm,drm_37m_causal_anderson_b8_seed_1,1,3907,5831.991866565131,4000768,2.0902822017669678,2.1416558623313904
2.0479544550180435,854.1833289000206,854.1833289000206,drm,drm_37m_causal_anderson_b8_seed_1,1,4883,5853.769127570104,5000192,2.1296117305755615,2.0479544550180435
2.0120579451322556,1024.4945435000118,1024.4945435000118,drm,drm_37m_causal_anderson_b8_seed_1,1,5860,5857.1712636944185,6000640,1.944658637046814,2.0120579451322556
2.0120579451322556,1193.4755222999956,1193.4755222999956,drm,drm_37m_causal_anderson_b8_seed_1,1,6836,5865.276555073278,7000064,1.9501404762268066,2.0152011066675186
2.0120579451322556,1368.8874042999814,1368.8874042999814,drm,drm_37m_causal_anderson_b8_seed_1,1,7813,5844.53620865281,8000512,1.91092050075531,2.040931671857834
2.0120579451322556,1545.9517729000072,1545.9517729000072,drm,drm_37m_causal_anderson_b8_seed_1,1,8790,5822.277355467146,9000960,1.9009737968444824,2.0213084667921066
1.9567142874002457,1725.5934877999825,1725.5934877999823,drm,drm_37m_causal_anderson_b8_seed_1,1,9766,5795.330169418887,10000384,2.0026237964630127,1.9567142874002457
1.9226678758859634,176.32482589996653,1901.9183136999488,drm,drm_37m_causal_anderson_b8_seed_1,1,10743,5673.89189181777,11000832,1.997236728668213,1.9226678758859634
1.9226678758859634,170.5907506000367,2072.5090642999858,drm,drm_37m_causal_anderson_b8_seed_1,1,11719,5858.606029252004,12000256,1.896256446838379,1.9237779080867767
1.9070850908756256,176.72377739998046,2249.2328416999662,drm,drm_37m_causal_anderson_b8_seed_1,1,12696,5655.28880552386,13000704,1.9335393905639648,1.9070850908756256
1.8608403652906418,180.34201150003355,2429.5748532,drm,drm_37m_causal_anderson_b8_seed_1,1,13672,5536.147632465629,14000128,1.9778246879577637,1.8608403652906418
1.8608403652906418,173.63093100005062,2603.2057842000504,drm,drm_37m_causal_anderson_b8_seed_1,1,14649,5750.127550716807,15000576,1.847818374633789,1.9347373098134995
1.8608403652906418,174.3544744999963,2777.5602587000467,drm,drm_37m_causal_anderson_b8_seed_1,1,15625,5720.392337852053,16000000,1.904681921005249,1.9384779781103134
1.8294863253831863,170.37513310002396,2947.9353918000706,drm,drm_37m_causal_anderson_b8_seed_1,1,16602,5853.999828804006,17000448,2.061455249786377,1.8294863253831863
1.8294863253831863,174.93871229997603,3122.874104100046,drm,drm_37m_causal_anderson_b8_seed_1,1,17579,5701.288107630232,18000896,1.7683535814285278,1.8555683344602585
1.8294863253831863,176.45661300001666,3299.330717100063,drm,drm_37m_causal_anderson_b8_seed_1,1,18555,5646.441825333607,19000320,1.776857852935791,1.8522340655326843
1.8294863253831863,176.26819840003736,3475.5989155001002,drm,drm_37m_causal_anderson_b8_seed_1,1,19532,5652.477355778028,20000768,1.792543888092041,1.8323453515768051
,0.612236299959477,0.612236299959477,drm,drm_37m_causal_anderson_b8_seed_2,2,1,1672.556821717002,1024,5.54541015625,
2.3878693282604218,177.78516279999167,177.78516279999167,drm,drm_37m_causal_anderson_b8_seed_2,2,977,5627.28623830946,1000448,2.3550548553466797,2.3878693282604218
2.2157382667064667,353.5956098999595,353.5956098999595,drm,drm_37m_causal_anderson_b8_seed_2,2,1954,5658.71278935307,2000896,2.3062963485717773,2.2157382667064667
2.156816989183426,722.2739076999715,722.2739076999715,drm,drm_37m_causal_anderson_b8_seed_2,2,2930,4153.991952380365,3000320,2.184532403945923,2.156816989183426
2.156816989183426,1104.1591025999514,1104.1591025999514,drm,drm_37m_causal_anderson_b8_seed_2,2,3907,3623.3618783556058,4000768,2.214076042175293,2.1594559848308563
2.0514107942581177,1484.2103650000063,1484.2103650000065,drm,drm_37m_causal_anderson_b8_seed_2,2,4883,3368.9240541046747,5000192,1.931069254875183,2.0514107942581177
2.0123653411865234,1864.4715865000035,1864.4715865000037,drm,drm_37m_causal_anderson_b8_seed_2,2,5860,3218.4132187631967,6000640,2.0172319412231445,2.0123653411865234
2.009925454854965,2245.374646899989,2245.374646899989,drm,drm_37m_causal_anderson_b8_seed_2,2,6836,3117.5483386099663,7000064,1.9359066486358643,2.009925454854965
2.009925454854965,2623.020049099985,2623.020049099985,drm,drm_37m_causal_anderson_b8_seed_2,2,7813,3050.1146961286663,8000512,1.9265291690826416,2.034258082509041
2.009925454854965,3000.9204847000074,3000.9204847000074,drm,drm_37m_causal_anderson_b8_seed_2,2,8790,2999.3996994891377,9000960,1.9880238771438599,2.030559867620468
1.9590057581663132,3378.793165799987,3378.793165799987,drm,drm_37m_causal_anderson_b8_seed_2,2,9766,2959.7502745132488,10000384,1.9072093963623047,1.9590057581663132
1.9248529523611069,381.44731100002537,3760.2404768000124,drm,drm_37m_causal_anderson_b8_seed_2,2,10743,2622.7685217577364,11000832,1.8712937831878662,1.9248529523611069
1.9248529523611069,380.6910574999638,4140.931534299976,drm,drm_37m_causal_anderson_b8_seed_2,2,11719,2625.288880078553,12000256,2.0493721961975098,1.9296060055494308
1.908224567770958,376.27056729997275,4517.202101599949,drm,drm_37m_causal_anderson_b8_seed_2,2,12696,2656.131217415241,13000704,1.9038069248199463,1.908224567770958
1.8642026782035828,236.04918149998412,4753.251283099933,drm,drm_37m_causal_anderson_b8_seed_2,2,13672,4229.627036432097,14000128,1.8398065567016602,1.8642026782035828
1.8642026782035828,178.14357479999308,4931.394857899926,drm,drm_37m_causal_anderson_b8_seed_2,2,14649,5604.468199995046,15000576,1.8717399835586548,1.913484826683998
1.8642026782035828,171.6282434000168,5103.023101299943,drm,drm_37m_causal_anderson_b8_seed_2,2,15625,5811.25798552514,16000000,1.9031351804733276,1.935826301574707
1.8379486948251724,170.83312120003393,5273.856222499977,drm,drm_37m_causal_anderson_b8_seed_2,2,16602,5838.305786336016,17000448,1.8306784629821777,1.8379486948251724
1.8379486948251724,173.12142679997487,5446.977649299952,drm,drm_37m_causal_anderson_b8_seed_2,2,17579,5761.135513008288,18000896,1.810246467590332,1.8470237702131271
1.8379486948251724,173.02808560000267,5620.005734899954,drm,drm_37m_causal_anderson_b8_seed_2,2,18555,5758.325283117994,19000320,1.798795223236084,1.842272773385048
1.8368299454450607,172.21060910000233,5792.216343999957,drm,drm_37m_causal_anderson_b8_seed_2,2,19532,5785.659810432588,20000768,1.8567779064178467,1.8368299454450607
,0.6168670000042766,0.6168670000042766,drm,drm_37m_causal_anderson_b8_seed_3,3,1,1660.0012644425797,1024,5.554290771484375,
2.384582132101059,172.7612851000158,172.7612851000158,drm,drm_37m_causal_anderson_b8_seed_3,3,977,5790.927055334277,1000448,2.3628551959991455,2.384582132101059
2.1774775087833405,345.79824329999974,345.79824329999974,drm,drm_37m_causal_anderson_b8_seed_3,3,1954,5786.310482393366,2000896,2.195465087890625,2.1774775087833405
2.151775360107422,515.5971019000281,515.5971019000281,drm,drm_37m_causal_anderson_b8_seed_3,3,2930,5819.117269944913,3000320,2.3083677291870117,2.151775360107422
2.1403733640909195,681.6907727000071,681.6907727000071,drm,drm_37m_causal_anderson_b8_seed_3,3,3907,5868.889766769112,4000768,2.197174549102783,2.1403733640909195
2.0432667434215546,847.627685000014,847.627685000014,drm,drm_37m_causal_anderson_b8_seed_3,3,4883,5899.042809107771,5000192,2.079975128173828,2.0432667434215546
2.0055307745933533,1012.7488241000101,1012.74882410001,drm,drm_37m_causal_anderson_b8_seed_3,3,5860,5925.101917874387,6000640,1.9995061159133911,2.0055307745933533
1.992648035287857,1177.65345849999,1177.65345849999,drm,drm_37m_causal_anderson_b8_seed_3,3,6836,5944.077987862555,7000064,2.0736842155456543,1.992648035287857
1.992648035287857,1342.8868036000058,1342.8868036000058,drm,drm_37m_causal_anderson_b8_seed_3,3,7813,5957.69649277382,8000512,2.0146732330322266,2.0317815095186234
1.992648035287857,1508.3439965000143,1508.3439965000143,drm,drm_37m_causal_anderson_b8_seed_3,3,8790,5967.445105947962,9000960,2.0742435455322266,2.0129604786634445
1.9570579677820206,1676.593139900011,1676.593139900011,drm,drm_37m_causal_anderson_b8_seed_3,3,9766,5964.705307452472,10000384,1.9500021934509277,1.9570579677820206
1.9087172150611877,173.51546399999643,1850.1086039000074,drm,drm_37m_causal_anderson_b8_seed_3,3,10743,5765.756993278827,11000832,1.8916281461715698,1.9087172150611877
1.9087172150611877,170.9884144999669,2021.097018399974,drm,drm_37m_causal_anderson_b8_seed_3,3,11719,5844.9808013173515,12000256,1.9769070148468018,1.923514038324356
1.9057580828666687,171.23802910000086,2192.335047499975,drm,drm_37m_causal_anderson_b8_seed_3,3,12696,5836.460541229127,13000704,1.925340175628662,1.9057580828666687
1.8648391664028168,172.52652959997067,2364.861577099946,drm,drm_37m_causal_anderson_b8_seed_3,3,13672,5786.93608638013,14000128,1.7681221961975098,1.8648391664028168
1.8648391664028168,176.32783179997932,2541.189408899925,drm,drm_37m_causal_anderson_b8_seed_3,3,14649,5662.180438607974,15000576,1.9713913202285767,1.9144700020551682
1.8648391664028168,175.43644639995182,2716.625855299877,drm,drm_37m_causal_anderson_b8_seed_3,3,15625,5685.112874016091,16000000,1.6904444694519043,1.927328035235405
1.8383341431617737,179.4789515999728,2896.10480689985,drm,drm_37m_causal_anderson_b8_seed_3,3,16602,5557.063884699844,17000448,1.8972842693328857,1.8383341431617737
1.8383341431617737,179.54922300000908,3075.654029899859,drm,drm_37m_causal_anderson_b8_seed_3,3,17579,5554.8889788286615,18000896,1.777949571609497,1.8623590618371964
1.8383341431617737,177.9041344000143,3253.558164299873,drm,drm_37m_causal_anderson_b8_seed_3,3,18555,5600.499411439872,19000320,1.9445500373840332,1.84727281332016
1.8383341431617737,179.71085149998544,3433.2690157998586,drm,drm_37m_causal_anderson_b8_seed_3,3,19532,5544.194975894824,20000768,1.8345403671264648,1.839055359363556
,0.2870742999948561,0.2870742999948561,gpt2,gpt2_36m_seed_1,1,1,3567.0208026923633,1024,5.642421245574951,
,8.014677099999972,8.014677099999972,gpt2,gpt2_36m_seed_1,1,250,31941.399111387895,256000,3.0918850898742676,
,15.794050400028937,15.794050400028937,gpt2,gpt2_36m_seed_1,1,500,32417.27023987855,512000,2.932614803314209,
,23.355396400031168,23.355396400031168,gpt2,gpt2_36m_seed_1,1,750,32883.19268256886,768000,2.7022271156311035,
2.836933583021164,30.394308799994178,30.394308799994175,gpt2,gpt2_36m_seed_1,1,977,32915.63583772603,1000448,2.804255723953247,2.836933583021164
2.836933583021164,31.0785933000152,31.0785933000152,gpt2,gpt2_36m_seed_1,1,1000,32948.72422682976,1024000,2.7959721088409424,
2.836933583021164,38.672186099982355,38.672186099982355,gpt2,gpt2_36m_seed_1,1,1250,33098.72363281227,1280000,2.696896553039551,
2.836933583021164,46.36906799999997,46.36906799999997,gpt2,gpt2_36m_seed_1,1,1500,33125.531011319894,1536000,2.720428943634033,
2.836933583021164,53.96009780000895,53.96009780000895,gpt2,gpt2_36m_seed_1,1,1750,33209.724834852,1792000,2.689406156539917,
2.6790196895599365,60.33588959998451,60.33588959998451,gpt2,gpt2_36m_seed_1,1,1954,33162.61703051965,2000896,2.7468979358673096,2.6790196895599365
2.6790196895599365,61.747535999980755,61.747535999980755,gpt2,gpt2_36m_seed_1,1,2000,33167.31537272416,2048000,2.555842876434326,
2.6790196895599365,69.30284970003413,69.30284970003413,gpt2,gpt2_36m_seed_1,1,2250,33245.3861561607,2304000,2.658761739730835,
2.6790196895599365,76.87440919998335,76.87440919998335,gpt2,gpt2_36m_seed_1,1,2500,33301.06893362056,2560000,2.513273000717163,
2.6790196895599365,84.56762799998978,84.56762799998978,gpt2,gpt2_36m_seed_1,1,2750,33298.79371809199,2816000,2.466717004776001,
2.5525802969932556,90.14505639998242,90.14505639998242,gpt2,gpt2_36m_seed_1,1,2930,33283.24502552072,3000320,2.749826192855835,2.5525802969932556
2.5525802969932556,92.30246809998062,92.30246809998062,gpt2,gpt2_36m_seed_1,1,3000,33281.88360762419,3072000,2.5901715755462646,
2.5525802969932556,99.89830190001521,99.8983019000152,gpt2,gpt2_36m_seed_1,1,3250,33313.87958256669,3328000,2.513397693634033,
2.5525802969932556,107.40849280002294,107.40849280002294,gpt2,gpt2_36m_seed_1,1,3500,33367.93866638481,3584000,2.579802989959717,
2.5525802969932556,114.94395530002657,114.94395530002656,gpt2,gpt2_36m_seed_1,1,3750,33407.58537477536,3840000,2.5824406147003174,
2.4807378947734833,119.84497420000844,119.84497420000844,gpt2,gpt2_36m_seed_1,1,3907,33382.86003819523,4000768,2.4476206302642822,2.4807378947734833
2.4807378947734833,122.62442120001651,122.62442120001651,gpt2,gpt2_36m_seed_1,1,4000,33402.808020752134,4096000,2.477261781692505,
2.4807378947734833,130.1390830000164,130.1390830000164,gpt2,gpt2_36m_seed_1,1,4250,33441.14542438763,4352000,2.472843647003174,
2.4807378947734833,137.69222269998863,137.69222269998863,gpt2,gpt2_36m_seed_1,1,4500,33465.94244498589,4608000,2.3489370346069336,
2.4807378947734833,145.19919930002652,145.19919930002652,gpt2,gpt2_36m_seed_1,1,4750,33498.80731745269,4864000,2.442185163497925,
2.390730232000351,149.30076499999268,149.30076499999268,gpt2,gpt2_36m_seed_1,1,4883,33490.732616140616,5000192,2.4766008853912354,2.390730232000351
2.390730232000351,152.8601904999814,152.8601904999814,gpt2,gpt2_36m_seed_1,1,5000,33494.65929129941,5120000,2.3603177070617676,
2.390730232000351,160.41864240000723,160.41864240000723,gpt2,gpt2_36m_seed_1,1,5250,33512.314526355556,5376000,2.54774808883667,
2.390730232000351,167.97263289999682,167.97263289999682,gpt2,gpt2_36m_seed_1,1,5500,33529.27142216693,5632000,2.496973991394043,
2.390730232000351,175.53977440000745,175.53977440000745,gpt2,gpt2_36m_seed_1,1,5750,33542.25570885632,5888000,2.3941810131073,
2.3388023376464844,178.9525152000133,178.9525152000133,gpt2,gpt2_36m_seed_1,1,5860,33532.02380694761,6000640,2.231923818588257,2.3388023376464844
2.3388023376464844,183.17884220002452,183.17884220002452,gpt2,gpt2_36m_seed_1,1,6000,33540.99155889947,6144000,2.444873332977295,
2.3388023376464844,190.7148461000179,190.7148461000179,gpt2,gpt2_36m_seed_1,1,6250,33557.95382937102,6400000,2.418696880340576,
2.3388023376464844,198.28461199998856,198.28461199998856,gpt2,gpt2_36m_seed_1,1,6500,33567.90994956474,6656000,2.3872578144073486,
2.3388023376464844,205.8286064999993,205.8286064999993,gpt2,gpt2_36m_seed_1,1,6750,33581.337975972856,6912000,2.1620805263519287,
2.2905829548835754,208.51183560001664,208.51183560001664,gpt2,gpt2_36m_seed_1,1,6836,33571.54273692194,7000064,2.2880470752716064,2.2905829548835754
2.2905829548835754,213.4830930000171,213.4830930000171,gpt2,gpt2_36m_seed_1,1,7000,33576.42939902237,7168000,2.241891622543335,
2.2905829548835754,221.0055317999795,221.0055317999795,gpt2,gpt2_36m_seed_1,1,7250,33591.91934941734,7424000,2.19366717338562,
2.2905829548835754,228.52480860002106,228.52480860002103,gpt2,gpt2_36m_seed_1,1,7500,33606.85453386391,7680000,2.3326826095581055,
2.2905829548835754,236.05014830001164,236.05014830001164,gpt2,gpt2_36m_seed_1,1,7750,33619.97464163257,7936000,2.2050588130950928,
2.2505293488502502,238.05610200000228,238.05610200000228,gpt2,gpt2_36m_seed_1,1,7813,33607.674547237286,8000512,2.144883394241333,2.2505293488502502
2.2505293488502502,243.68755600001896,243.68755600001896,gpt2,gpt2_36m_seed_1,1,8000,33616.81710164701,8192000,2.26828670501709,
2.2505293488502502,251.22432440001285,251.22432440001285,gpt2,gpt2_36m_seed_1,1,8250,33627.31702105661,8448000,2.1953513622283936,
2.2505293488502502,258.77275170001667,258.77275170001667,gpt2,gpt2_36m_seed_1,1,8500,33635.689781164234,8704000,2.285269021987915,
2.2505293488502502,266.28502000001026,266.28502000001026,gpt2,gpt2_36m_seed_1,1,8750,33648.15640023481,8960000,2.3561530113220215,
2.2261173129081726,267.5909424999845,267.5909424999845,gpt2,gpt2_36m_seed_1,1,8790,33637.01295682129,9000960,2.1745455265045166,2.2261173129081726
2.2261173129081726,273.91485790000297,273.91485790000297,gpt2,gpt2_36m_seed_1,1,9000,33645.49141530851,9216000,2.2530181407928467,
2.2261173129081726,281.4568287000293,281.4568287000293,gpt2,gpt2_36m_seed_1,1,9250,33653.47376273843,9472000,2.1314735412597656,
2.2261173129081726,289.01763259997824,289.01763259997824,gpt2,gpt2_36m_seed_1,1,9500,33658.846045093276,9728000,2.1879873275756836,
2.2261173129081726,296.59499740001047,296.59499740001047,gpt2,gpt2_36m_seed_1,1,9750,33662.06472638115,9984000,2.334360361099243,
2.1997868567705154,297.16247869998915,297.16247869998915,gpt2,gpt2_36m_seed_1,1,9766,33652.91622195762,10000384,2.2587172985076904,2.1997868567705154
2.1997868567705154,8.28594739997061,305.44842609995976,gpt2,gpt2_36m_seed_1,1,10000,28918.358810828307,10240000,2.3402445316314697,
2.1997868567705154,16.772455199970864,313.93493389996,gpt2,gpt2_36m_seed_1,1,10250,29549.400734178795,10496000,2.200779438018799,
2.1997868567705154,25.497889299993403,322.66036799998255,gpt2,gpt2_36m_seed_1,1,10500,29477.577189112453,10752000,2.139826536178589,
2.1841023564338684,33.99173030001111,331.15420900000026,gpt2,gpt2_36m_seed_1,1,10743,29432.099842227595,11000832,2.1967852115631104,2.1841023564338684
2.1841023564338684,0.48313670000061393,331.6373457000009,gpt2,gpt2_36m_seed_1,1,10750,14836.38067650603,11008000,2.2669358253479004,
2.1841023564338684,8.97410230000969,340.12831130000995,gpt2,gpt2_36m_seed_1,1,11000,29325.27301362676,11264000,2.2241432666778564,
2.1841023564338684,17.529479900025763,348.683688900026,gpt2,gpt2_36m_seed_1,1,11250,29616.851324792413,11520000,2.31373929977417,
2.1841023564338684,25.973408500023652,357.1276175000239,gpt2,gpt2_36m_seed_1,1,11500,29844.677490029626,11776000,2.2121102809906006,
2.160711109638214,33.46121869998751,364.6154276999878,gpt2,gpt2_36m_seed_1,1,11719,29868.12910076025,12000256,2.1575543880462646,2.160711109638214
2.160711109638214,1.2780943000107072,365.8935219999985,gpt2,gpt2_36m_seed_1,1,11750,24035.7851527408,12032000,2.0215039253234863,
2.160711109638214,9.688829699996859,374.30425739998464,gpt2,gpt2_36m_seed_1,1,12000,29592.84133150704,12288000,2.0905888080596924,
2.160711109638214,18.046761100005824,382.6621887999936,gpt2,gpt2_36m_seed_1,1,12250,30072.98633768831,12544000,2.1323866844177246,
2.160711109638214,26.38666269998066,391.00209039996844,gpt2,gpt2_36m_seed_1,1,12500,30269.83779955566,12800000,1.9835188388824463,
2.153757780790329,33.071505400002934,397.6869330999907,gpt2,gpt2_36m_seed_1,1,12696,30220.09394225856,13000704,2.11628794670105,2.153757780790329
2.153757780790329,2.027530699968338,399.71446379995905,gpt2,gpt2_36m_seed_1,1,12750,26767.5355055524,13056000,2.1245615482330322,
2.153757780790329,10.449449399951845,408.13638249994256,gpt2,gpt2_36m_seed_1,1,13000,29692.664955287484,13312000,2.051563024520874,
2.153757780790329,18.859010899963323,416.54594399995403,gpt2,gpt2_36m_seed_1,1,13250,30026.601236075498,13568000,2.1358048915863037,
2.153757780790329,27.342252400005236,425.02918549999595,gpt2,gpt2_36m_seed_1,1,13500,30073.308810500283,13824000,2.079796314239502,
2.1394027918577194,33.266084999952,430.9530180999427,gpt2,gpt2_36m_seed_1,1,13672,30012.548816653376,14000128,2.250586748123169,2.1394027918577194
2.1394027918577194,2.8531002000090666,433.8061182999518,gpt2,gpt2_36m_seed_1,1,13750,27276.99503850327,14080000,2.1587977409362793,
2.1394027918577194,11.339082600024994,442.2921006999677,gpt2,gpt2_36m_seed_1,1,14000,29440.124194814856,14336000,2.099489688873291,
2.1394027918577194,19.999960100045428,450.95297819998814,gpt2,gpt2_36m_seed_1,1,14250,29491.25883499439,14592000,2.113591194152832,
2.1394027918577194,28.73392920003971,459.6869472999824,gpt2,gpt2_36m_seed_1,1,14500,29436.419715227497,14848000,2.2926487922668457,
2.1326075196266174,34.03508220001822,464.98810029996093,gpt2,gpt2_36m_seed_1,1,14649,29334.4377466926,15000576,2.12847638130188,2.1326075196266174
2.1326075196266174,3.544335700047668,468.5324360000086,gpt2,gpt2_36m_seed_1,1,14750,28602.256834372824,15104000,2.14597487449646,
2.1326075196266174,11.835412200016435,476.82351249997737,gpt2,gpt2_36m_seed_1,1,15000,30195.484023742218,15360000,2.0632712841033936,
2.1326075196266174,20.073913000000175,485.0620132999611,gpt2,gpt2_36m_seed_1,1,15250,30555.876176209124,15616000,2.172792434692383,
2.1326075196266174,28.330996700038668,493.3190969999996,gpt2,gpt2_36m_seed_1,1,15500,30686.389511979767,15872000,2.190627336502075,
2.12015962600708,32.52538630005438,497.5134866000153,gpt2,gpt2_36m_seed_1,1,15625,30664.539716729898,16000000,2.148759126663208,2.12015962600708
2.12015962600708,4.398930499970447,501.9124170999857,gpt2,gpt2_36m_seed_1,1,15750,28399.63031942407,16128000,2.0784029960632324,
2.12015962600708,12.884837299992796,510.39832390000805,gpt2,gpt2_36m_seed_1,1,16000,29564.05200399488,16384000,2.1474692821502686,
2.12015962600708,21.43816620000871,518.951652800024,gpt2,gpt2_36m_seed_1,1,16250,29710.003834177816,16640000,2.154602289199829,
2.12015962600708,30.20218359999126,527.7156702000066,gpt2,gpt2_36m_seed_1,1,16500,29565.014630275225,16896000,1.9477572441101074,
2.1120322197675705,33.86158829997294,531.3750748999882,gpt2,gpt2_36m_seed_1,1,16602,29454.4954939635,17000448,2.2909300327301025,2.1120322197675705
2.1120322197675705,5.18501539999852,536.5600902999868,gpt2,gpt2_36m_seed_1,1,16750,28636.366248795017,17152000,2.1884946823120117,
2.1120322197675705,13.806891500018537,545.1819664000068,gpt2,gpt2_36m_seed_1,1,17000,29295.515214228846,17408000,2.148947238922119,
2.1120322197675705,22.531783500046004,553.9068584000343,gpt2,gpt2_36m_seed_1,1,17250,29313.25875728619,17664000,1.8337634801864624,
2.1120322197675705,31.246836200007237,562.6219110999955,gpt2,gpt2_36m_seed_1,1,17500,29330.3294494752,17920000,2.1952641010284424,
2.0961818248033524,34.111093000043184,565.4861679000314,gpt2,gpt2_36m_seed_1,1,17579,29239.051354899046,18000896,1.972031831741333,2.0961818248033524
2.0961818248033524,5.979198200046085,571.4653661000775,gpt2,gpt2_36m_seed_1,1,17750,28771.750700398938,18176000,1.9840879440307617,
2.0961818248033524,14.545572800037917,580.0317407000693,gpt2,gpt2_36m_seed_1,1,18000,29426.960758732323,18432000,1.9873037338256836,
2.0961818248033524,23.034613199997693,588.5207811000291,gpt2,gpt2_36m_seed_1,1,18250,29695.83183624149,18688000,2.0241811275482178,
2.0961818248033524,32.02884740004083,597.5150153000723,gpt2,gpt2_36m_seed_1,1,18500,29349.541938209168,18944000,2.027437925338745,
2.0956783145666122,34.033989100018516,599.52015700005,gpt2,gpt2_36m_seed_1,1,18555,29275.20476873685,19000320,2.0216078758239746,2.0956783145666122
2.0956783145666122,7.056052899977658,606.5762099000276,gpt2,gpt2_36m_seed_1,1,18750,27718.61305073539,19200000,1.8109546899795532,
2.0956783145666122,15.71076919999905,615.230926200049,gpt2,gpt2_36m_seed_1,1,19000,28743.59582597823,19456000,2.0336410999298096,
2.0956783145666122,24.54479169996921,624.0649487000192,gpt2,gpt2_36m_seed_1,1,19250,28828.274798554823,19712000,2.028083086013794,
2.0956783145666122,33.30782149999868,632.8279785000486,gpt2,gpt2_36m_seed_1,1,19500,28929.661461048665,19968000,2.1497631072998047,
2.08922778069973,34.5055995999719,634.0257566000219,gpt2,gpt2_36m_seed_1,1,19532,28875.08148100146,20000768,2.062272548675537,2.08922778069973
2.08922778069973,7.896186200028751,641.9219428000506,gpt2,gpt2_36m_seed_1,1,19750,27752.131782201654,20224000,1.8356919288635254,
2.08922778069973,16.507080600014888,650.5328372000367,gpt2,gpt2_36m_seed_1,1,20000,28783.769311671713,20480000,2.0680179595947266,
2.08922778069973,24.952344199991785,658.9781008000136,gpt2,gpt2_36m_seed_1,1,20250,29301.295066306462,20736000,2.1788668632507324,
2.08922778069973,33.35954730003141,667.3853039000533,gpt2,gpt2_36m_seed_1,1,20500,29590.80922537191,20992000,2.168971061706543,
2.072081118822098,33.73563250002917,667.761389100051,gpt2,gpt2_36m_seed_1,1,20508,29503.75985982001,21000192,2.036147356033325,2.072081118822098
2.072081118822098,8.301595099968836,676.0629842000199,gpt2,gpt2_36m_seed_1,1,20750,29233.89988038697,21248000,2.0528006553649902,
2.072081118822098,16.79970889998367,684.5610980000347,gpt2,gpt2_36m_seed_1,1,21000,29684.32387542648,21504000,1.976928949356079,
2.072081118822098,25.275293199985754,693.0366823000368,gpt2,gpt2_36m_seed_1,1,21250,29858.723854504104,21760000,2.135737895965576,
2.0714585930109024,33.298052500002086,701.0594416000531,gpt2,gpt2_36m_seed_1,1,21485,29891.477887481185,22000640,2.178722858428955,2.0714585930109024
,0.42241449997527525,0.4224144999752753,gpt2,gpt2_36m_seed_2,2,1,2424.1592086917867,1024,5.67825174331665,
,8.252089200017508,8.252089200017508,gpt2,gpt2_36m_seed_2,2,250,31022.44701856311,256000,2.910184144973755,
,16.42550279997522,16.42550279997522,gpt2,gpt2_36m_seed_2,2,500,31171.039707884767,512000,2.9736173152923584,
,24.727615699986927,24.727615699986927,gpt2,gpt2_36m_seed_2,2,750,31058.392742669726,768000,2.8706934452056885,
2.843136340379715,32.164404699986335,32.164404699986335,gpt2,gpt2_36m_seed_2,2,977,31104.19761633036,1000448,2.8332557678222656,2.843136340379715
2.843136340379715,32.90445679996628,32.90445679996628,gpt2,gpt2_36m_seed_2,2,1000,31120.40433383022,1024000,2.7434098720550537,
2.843136340379715,40.78497530001914,40.78497530001914,gpt2,gpt2_36m_seed_2,2,1250,31384.106293657587,1280000,2.7380692958831787,
2.843136340379715,48.724594499974046,48.724594499974046,gpt2,gpt2_36m_seed_2,2,1500,31524.120739492624,1536000,2.7324795722961426,
2.843136340379715,56.74816249997821,56.74816249997821,gpt2,gpt2_36m_seed_2,2,1750,31578.114974219443,1792000,2.564823865890503,
2.6860815584659576,63.87571419996675,63.87571419996675,gpt2,gpt2_36m_seed_2,2,1954,31324.83174647684,2000896,2.6452012062072754,2.6860815584659576
2.6860815584659576,65.43885049998062,65.43885049998062,gpt2,gpt2_36m_seed_2,2,2000,31296.393264129947,2048000,2.7010445594787598,
2.6860815584659576,73.91802470001858,73.91802470001858,gpt2,gpt2_36m_seed_2,2,2250,31169.66408870259,2304000,2.5928547382354736,
2.6860815584659576,82.20788579998771,82.20788579998771,gpt2,gpt2_36m_seed_2,2,2500,31140.564862943877,2560000,2.5844743251800537,
2.6860815584659576,90.67535380000481,90.6753538000048,gpt2,gpt2_36m_seed_2,2,2750,31055.84794530849,2816000,2.5479018688201904,
2.5677182376384735,96.64537629997358,96.64537629997358,gpt2,gpt2_36m_seed_2,2,2930,31044.630533461128,3000320,2.5973055362701416,2.5677182376384735
2.5677182376384735,98.90342669998063,98.90342669998064,gpt2,gpt2_36m_seed_2,2,3000,31060.602271332646,3072000,2.462172746658325,
2.5677182376384735,107.0430328999646,107.0430328999646,gpt2,gpt2_36m_seed_2,2,3250,31090.2999460986,3328000,2.5973048210144043,
2.5677182376384735,115.32466569996905,115.32466569996905,gpt2,gpt2_36m_seed_2,2,3500,31077.480071125512,3584000,2.5795950889587402,
2.5677182376384735,123.60971039999276,123.60971039999276,gpt2,gpt2_36m_seed_2,2,3750,31065.52056124083,3840000,2.3829548358917236,
2.480893909931183,128.8481270999764,128.8481270999764,gpt2,gpt2_36m_seed_2,2,3907,31050.261187698183,4000768,2.5084025859832764,2.480893909931183
2.480893909931183,131.8478252000059,131.8478252000059,gpt2,gpt2_36m_seed_2,2,4000,31066.11727411198,4096000,2.4682133197784424,
2.480893909931183,139.9546496999683,139.9546496999683,gpt2,gpt2_36m_seed_2,2,4250,31095.787166269376,4352000,2.57028865814209,
2.480893909931183,148.03064139996422,148.03064139996422,gpt2,gpt2_36m_seed_2,2,4500,31128.690360461504,4608000,2.332315683364868,
2.480893909931183,156.25752879999345,156.25752879999345,gpt2,gpt2_36m_seed_2,2,4750,31128.100113664437,4864000,2.4808096885681152,
2.3860882222652435,160.6602312999894,160.6602312999894,gpt2,gpt2_36m_seed_2,2,4883,31122.773567177916,5000192,2.276323080062866,2.3860882222652435
2.3860882222652435,164.4558744999813,164.4558744999813,gpt2,gpt2_36m_seed_2,2,5000,31132.97117276636,5120000,2.49161958694458,
2.3860882222652435,172.4216548000113,172.4216548000113,gpt2,gpt2_36m_seed_2,2,5250,31179.378287695494,5376000,2.3495700359344482,
2.3860882222652435,180.58798519999254,180.58798519999257,gpt2,gpt2_36m_seed_2,2,5500,31187.01387449907,5632000,2.3342206478118896,
2.3860882222652435,188.42315139999846,188.4231513999985,gpt2,gpt2_36m_seed_2,2,5750,31248.81393953826,5888000,2.2561914920806885,
2.321514219045639,191.97124079999048,191.97124079999048,gpt2,gpt2_36m_seed_2,2,5860,31258.01539331561,6000640,2.2966485023498535,2.321514219045639
2.321514219045639,200.0215756999678,200.0215756999678,gpt2,gpt2_36m_seed_2,2,6000,30716.6863299587,6144000,2.2413954734802246,
2.321514219045639,216.6376014999696,216.6376014999696,gpt2,gpt2_36m_seed_2,2,6250,29542.42456382115,6400000,2.400573253631592,
2.321514219045639,233.25272629997926,233.2527262999793,gpt2,gpt2_36m_seed_2,2,6500,28535.5721477824,6656000,2.280263662338257,
2.321514219045639,249.84740849997615,249.84740849997615,gpt2,gpt2_36m_seed_2,2,6750,27664.88570563124,6912000,2.1604909896850586,
2.2800925970077515,255.74798380001448,255.74798380001448,gpt2,gpt2_36m_seed_2,2,6836,27370.9450060564,7000064,2.208941698074341,2.2800925970077515
2.2800925970077515,266.62057460000506,266.62057460000506,gpt2,gpt2_36m_seed_2,2,7000,26884.646883511232,7168000,2.1772897243499756,
2.2800925970077515,283.00052980001783,283.00052980001783,gpt2,gpt2_36m_seed_2,2,7250,26233.166436989235,7424000,2.381190061569214,
2.2800925970077515,299.4372737999656,299.4372737999656,gpt2,gpt2_36m_seed_2,2,7500,25648.10954407267,7680000,2.274651527404785,
2.2800925970077515,315.9302946999669,315.9302946999669,gpt2,gpt2_36m_seed_2,2,7750,25119.46506281289,7936000,2.3125596046447754,
2.243589460849762,320.302246599982,320.302246599982,gpt2,gpt2_36m_seed_2,2,7813,24978.007756503976,8000512,2.2556421756744385,2.243589460849762
2.243589460849762,332.7685496999766,332.7685496999766,gpt2,gpt2_36m_seed_2,2,8000,24617.71104085975,8192000,2.4175026416778564,
2.243589460849762,349.1371367999818,349.1371367999818,gpt2,gpt2_36m_seed_2,2,8250,24196.795784688464,8448000,2.324772596359253,
2.243589460849762,365.67176699999254,365.67176699999254,gpt2,gpt2_36m_seed_2,2,8500,23802.767359942714,8704000,2.16268253326416,
2.243589460849762,382.3418146999902,382.3418146999902,gpt2,gpt2_36m_seed_2,2,8750,23434.528098974966,8960000,2.054612398147583,
2.2243629693984985,385.26348779996624,385.26348779996624,gpt2,gpt2_36m_seed_2,2,8790,23363.127534871444,9000960,2.2578585147857666,2.2243629693984985
2.2243629693984985,399.2172699999646,399.2172699999646,gpt2,gpt2_36m_seed_2,2,9000,23085.173644919763,9216000,2.2511563301086426,
2.2243629693984985,415.7470385999768,415.7470385999768,gpt2,gpt2_36m_seed_2,2,9250,22783.084713956945,9472000,2.1018712520599365,
2.2243629693984985,432.13862420001533,432.1386242000154,gpt2,gpt2_36m_seed_2,2,9500,22511.294883693146,9728000,2.075716495513916,
2.2243629693984985,448.8412089999765,448.8412089999765,gpt2,gpt2_36m_seed_2,2,9750,22243.946856494014,9984000,2.183642625808716,
2.193277806043625,450.0879154999857,450.0879154999857,gpt2,gpt2_36m_seed_2,2,9766,22218.734730726886,10000384,2.1436424255371094,2.193277806043625
2.193277806043625,17.639507699990645,467.72742319997633,gpt2,gpt2_36m_seed_2,2,10000,13584.052575352036,10240000,2.219311237335205,
2.193277806043625,36.05130380002083,486.1392193000065,gpt2,gpt2_36m_seed_2,2,10250,13747.51944476731,10496000,2.210618257522583,
2.193277806043625,54.22407130000647,504.31198679999216,gpt2,gpt2_36m_seed_2,2,10500,13861.297795982913,10752000,2.350874185562134,
2.180770218372345,71.55853249999927,521.646447999985,gpt2,gpt2_36m_seed_2,2,10743,13980.834500763556,11000832,2.0566720962524414,2.180770218372345
2.180770218372345,0.8924905000021681,522.5389384999871,gpt2,gpt2_36m_seed_2,2,10750,8031.458037909184,11008000,2.1923880577087402,
2.180770218372345,19.15910889999941,540.8055568999844,gpt2,gpt2_36m_seed_2,2,11000,13735.920672177404,11264000,2.2266054153442383,
2.180770218372345,37.31510259996867,558.9615505999536,gpt2,gpt2_36m_seed_2,2,11250,13913.079794143081,11520000,2.276932954788208,
2.180770218372345,55.55245749995811,577.1989054999431,gpt2,gpt2_36m_seed_2,2,11500,13953.802133786512,11776000,2.248892068862915,
2.1686602234840393,71.58993279997958,593.2363807999645,gpt2,gpt2_36m_seed_2,2,11719,13960.398633036362,12000256,2.2542853355407715,2.1686602234840393
2.1686602234840393,2.5322276999941096,595.7686084999586,gpt2,gpt2_36m_seed_2,2,11750,12131.610439326392,12032000,2.354635238647461,
2.1686602234840393,20.605497100041248,613.8418779000058,gpt2,gpt2_36m_seed_2,2,12000,13914.733462044263,12288000,2.172271728515625,
2.1686602234840393,38.59264540002914,631.8290261999937,gpt2,gpt2_36m_seed_2,2,12250,14062.783060722502,12544000,2.1993625164031982,
2.1686602234840393,56.365065600024536,649.6014463999891,gpt2,gpt2_36m_seed_2,2,12500,14170.47938288308,12800000,2.095353364944458,
2.1490297466516495,70.57633460004581,663.8127154000103,gpt2,gpt2_36m_seed_2,2,12696,14160.894096636059,13000704,2.1412415504455566,2.1490297466516495
2.1490297466516495,2.3932181000127457,666.2059335000231,gpt2,gpt2_36m_seed_2,2,12750,22677.4149834948,13056000,2.2876412868499756,
2.1490297466516495,11.138512400037143,674.9512278000475,gpt2,gpt2_36m_seed_2,2,13000,27855.7844042949,13312000,2.2754077911376953,
2.1490297466516495,19.836941500019748,683.6496569000301,gpt2,gpt2_36m_seed_2,2,13250,28546.33613752585,13568000,2.216184139251709,
2.1490297466516495,28.565090899995994,692.3778063000063,gpt2,gpt2_36m_seed_2,2,13500,28785.905246326918,13824000,2.0195813179016113,
2.1284699738025665,34.68400250002742,698.4967179000378,gpt2,gpt2_36m_seed_2,2,13672,28785.605121531484,14000128,2.035646677017212,2.1284699738025665
2.1284699738025665,2.894527700031176,701.3912456000689,gpt2,gpt2_36m_seed_2,2,13750,26886.597077361457,14080000,2.101411819458008,
2.1284699738025665,11.581091900006868,710.0778098000446,gpt2,gpt2_36m_seed_2,2,14000,28824.91589586661,14336000,2.194979190826416,
2.1284699738025665,20.243925600021612,718.7406435000594,gpt2,gpt2_36m_seed_2,2,14250,29135.85100309647,14592000,2.1630616188049316,
2.1284699738025665,28.929865500016604,727.4265834000544,gpt2,gpt2_36m_seed_2,2,14500,29237.05262298971,14848000,2.0745186805725098,
2.1183208972215652,34.255267500004265,732.751985400042,gpt2,gpt2_36m_seed_2,2,14649,29145.88245442473,15000576,2.0723655223846436,2.1183208972215652
2.1183208972215652,3.6731034999829717,736.425088900025,gpt2,gpt2_36m_seed_2,2,14750,27599.54899187294,15104000,2.2362842559814453,
2.1183208972215652,12.393016899994109,745.1450023000361,gpt2,gpt2_36m_seed_2,2,15000,28836.884745970925,15360000,2.14860200881958,
2.1183208972215652,21.11856119998265,753.8705466000247,gpt2,gpt2_36m_seed_2,2,15250,29044.402892395145,15616000,1.9525227546691895,
2.1183208972215652,29.87137160002021,762.6233570000622,gpt2,gpt2_36m_seed_2,2,15500,29103.98664115617,15872000,2.0696799755096436,
2.1156531125307083,34.317892399965785,767.0698778000078,gpt2,gpt2_36m_seed_2,2,15625,29062.85701860276,16000000,2.1641883850097656,2.1156531125307083
2.1156531125307083,4.509969500009902,771.5798473000177,gpt2,gpt2_36m_seed_2,2,15750,27700.409060355225,16128000,2.0620124340057373,
2.1156531125307083,13.265927200031001,780.3358050000388,gpt2,gpt2_36m_seed_2,2,16000,28714.766352638344,16384000,2.246934652328491,
2.1156531125307083,21.88886070001172,788.9587385000195,gpt2,gpt2_36m_seed_2,2,16250,29098.270975778058,16640000,1.9700955152511597,
2.1156531125307083,35.81661229999736,802.8864901000052,gpt2,gpt2_36m_seed_2,2,16500,24930.554361783285,16896000,2.0068352222442627,
2.1108826100826263,43.61463230004301,810.6845101000508,gpt2,gpt2_36m_seed_2,2,16602,22867.92178227343,17000448,2.101743221282959,2.1108826100826263
2.1108826100826263,10.885279999987688,821.5697901000385,gpt2,gpt2_36m_seed_2,2,16750,13640.439198639626,17152000,2.1185245513916016,
2.1108826100826263,29.328378900012467,840.0128890000633,gpt2,gpt2_36m_seed_2,2,17000,13791.42029564505,17408000,2.0949997901916504,
2.1108826100826263,47.659250399970915,858.3437605000217,gpt2,gpt2_36m_seed_2,2,17250,13858.379946328385,17664000,2.078615188598633,
2.1108826100826263,65.60976389999269,876.2942740000435,gpt2,gpt2_36m_seed_2,2,17500,13968.652613915323,17920000,2.1655824184417725,
2.093177869915962,71.4133095999714,882.0978197000222,gpt2,gpt2_36m_seed_2,2,17579,13966.248106787078,18000896,2.0534231662750244,2.093177869915962
2.093177869915962,12.621215199993458,894.7190349000157,gpt2,gpt2_36m_seed_2,2,17750,13630.383229666282,18176000,2.1868832111358643,
2.093177869915962,23.374030600010883,905.4718503000331,gpt2,gpt2_36m_seed_2,2,18000,18312.288852732174,18432000,2.17726993560791,
2.093177869915962,32.88550050003687,914.9833202000591,gpt2,gpt2_36m_seed_2,2,18250,20800.413239848156,18688000,2.1743264198303223,
2.093177869915962,42.0030165000353,924.1008362000575,gpt2,gpt2_36m_seed_2,2,18500,22380.1069144453,18944000,2.130138397216797,
2.080691710114479,44.134613000031095,926.2324327000533,gpt2,gpt2_36m_seed_2,2,18555,22575.297080305158,19000320,2.0171937942504883,2.080691710114479
2.080691710114479,7.266694899997674,933.499127600051,gpt2,gpt2_36m_seed_2,2,18750,26915.124783904525,19200000,2.15545654296875,
2.080691710114479,16.07612830004655,942.3085610000999,gpt2,gpt2_36m_seed_2,2,19000,28090.345608817544,19456000,2.145021915435791,
2.080691710114479,24.98785760003375,951.2202903000871,gpt2,gpt2_36m_seed_2,2,19250,28317.113508724506,19712000,2.202906608581543,
2.080691710114479,33.748272500000894,959.9807052000542,gpt2,gpt2_36m_seed_2,2,19500,28552.09848148448,19968000,2.1393771171569824,
2.080691710114479,34.935968000034336,961.1684007000877,gpt2,gpt2_36m_seed_2,2,19532,28519.3757905612,20000768,2.114389657974243,2.0846684128046036
,0.28584770002635196,0.28584770002635196,gpt2,gpt2_36m_seed_3,3,1,3582.3272319686275,1024,5.662267208099365,
,8.154799800016917,8.154799800016917,gpt2,gpt2_36m_seed_3,3,250,31392.554848430358,256000,3.0349576473236084,
,15.917713100032415,15.917713100032415,gpt2,gpt2_36m_seed_3,3,500,32165.424567110545,512000,2.885352611541748,
,23.680586499976926,23.68058649997693,gpt2,gpt2_36m_seed_3,3,750,32431.629174418817,768000,2.7542855739593506,
2.8279351890087128,30.633100499981083,30.633100499981083,gpt2,gpt2_36m_seed_3,3,977,32659.05127692242,1000448,2.824127435684204,2.8279351890087128
2.8279351890087128,31.312177499989048,31.312177499989048,gpt2,gpt2_36m_seed_3,3,1000,32702.931631003885,1024000,2.973294734954834,
2.8279351890087128,38.86476450000191,38.86476450000191,gpt2,gpt2_36m_seed_3,3,1250,32934.71648335698,1280000,2.6316356658935547,
2.8279351890087128,46.62150930002099,46.62150930002099,gpt2,gpt2_36m_seed_3,3,1500,32946.16633098381,1536000,2.686396598815918,
2.8279351890087128,54.54386690002866,54.54386690002866,gpt2,gpt2_36m_seed_3,3,1750,32854.28961764825,1792000,2.679103374481201,
2.6628941893577576,60.87135000003036,60.87135000003036,gpt2,gpt2_36m_seed_3,3,1954,32870.899035408314,2000896,2.639756917953491,2.6628941893577576
2.6628941893577576,62.29245950002223,62.29245950002223,gpt2,gpt2_36m_seed_3,3,2000,32877.17352048476,2048000,2.8221638202667236,
2.6628941893577576,69.92986899998505,69.92986899998505,gpt2,gpt2_36m_seed_3,3,2250,32947.294667468814,2304000,2.6003451347351074,
2.6628941893577576,77.50064179999754,77.50064179999754,gpt2,gpt2_36m_seed_3,3,2500,33031.98451706346,2560000,2.590099573135376,
2.6628941893577576,85.46348059998127,85.46348059998127,gpt2,gpt2_36m_seed_3,3,2750,32949.74625688972,2816000,2.5878639221191406,
2.5332594513893127,91.15681519999634,91.15681519999634,gpt2,gpt2_36m_seed_3,3,2930,32913.83089039864,3000320,2.6707112789154053,2.5332594513893127
2.5332594513893127,93.38603659998626,93.38603659998626,gpt2,gpt2_36m_seed_3,3,3000,32895.71023512579,3072000,2.4202895164489746,
2.5332594513893127,101.2675132000004,101.2675132000004,gpt2,gpt2_36m_seed_3,3,3250,32863.451415334916,3328000,2.3699495792388916,
2.5332594513893127,109.91146879998269,109.91146879998269,gpt2,gpt2_36m_seed_3,3,3500,32608.062098798597,3584000,2.576240301132202,
2.5332594513893127,117.58030059997691,117.58030059997692,gpt2,gpt2_36m_seed_3,3,3750,32658.53191738442,3840000,2.495483875274658,
2.4354072511196136,122.32141730003059,122.3214173000306,gpt2,gpt2_36m_seed_3,3,3907,32707.01148096491,4000768,2.515350341796875,2.4354072511196136
2.4354072511196136,125.06304510001792,125.06304510001792,gpt2,gpt2_36m_seed_3,3,4000,32751.48143661675,4096000,2.365960121154785,
2.4354072511196136,132.48538139997981,132.4853813999798,gpt2,gpt2_36m_seed_3,3,4250,32848.90720781563,4352000,2.465669631958008,
2.4354072511196136,139.97070409997832,139.97070409997832,gpt2,gpt2_36m_seed_3,3,4500,32921.174681729084,4608000,2.341874361038208,
2.4354072511196136,147.51428830000805,147.51428830000805,gpt2,gpt2_36m_seed_3,3,4750,32973.077090049825,4864000,2.4120941162109375,
2.3742831349372864,151.64131879998604,151.64131879998604,gpt2,gpt2_36m_seed_3,3,4883,32973.80977407103,5000192,2.426938533782959,2.3742831349372864
2.3742831349372864,155.20822049997514,155.20822049997514,gpt2,gpt2_36m_seed_3,3,5000,32987.94344466323,5120000,2.264211893081665,
2.3742831349372864,162.6973227999988,162.6973227999988,gpt2,gpt2_36m_seed_3,3,5250,33042.9530583526,5376000,2.449375629425049,
2.3742831349372864,170.21096370002488,170.21096370002488,gpt2,gpt2_36m_seed_3,3,5500,33088.35034813434,5632000,2.238720178604126,
2.3742831349372864,177.6748169999919,177.6748169999919,gpt2,gpt2_36m_seed_3,3,5750,33139.19270844258,5888000,2.2631888389587402,
2.3080414533615112,181.06993110000622,181.06993110000624,gpt2,gpt2_36m_seed_3,3,5860,33139.903260281266,6000640,2.227449893951416,2.3080414533615112
2.3080414533615112,185.2458564999979,185.2458564999979,gpt2,gpt2_36m_seed_3,3,6000,33166.73374554032,6144000,2.3725383281707764,
2.3080414533615112,192.77940290002152,192.77940290002152,gpt2,gpt2_36m_seed_3,3,6250,33198.56739736424,6400000,2.3817622661590576,
2.3080414533615112,200.6423726999783,200.6423726999783,gpt2,gpt2_36m_seed_3,3,6500,33173.451402275605,6656000,2.3222756385803223,
2.3080414533615112,208.643028600025,208.643028600025,gpt2,gpt2_36m_seed_3,3,6750,33128.35346754151,6912000,2.3816885948181152,
2.2612092792987823,211.48278429999482,211.4827842999948,gpt2,gpt2_36m_seed_3,3,6836,33099.92358560115,7000064,2.331655263900757,2.2612092792987823
2.2612092792987823,216.57585949997883,216.57585949997883,gpt2,gpt2_36m_seed_3,3,7000,33096.94818503399,7168000,2.3042147159576416,
2.2612092792987823,224.40824999997858,224.40824999997855,gpt2,gpt2_36m_seed_3,3,7250,33082.562695447734,7424000,2.2534852027893066,
2.2612092792987823,232.03077270003268,232.03077270003268,gpt2,gpt2_36m_seed_3,3,7500,33099.05798541918,7680000,2.1565027236938477,
2.2612092792987823,239.51181509997696,239.51181509997696,gpt2,gpt2_36m_seed_3,3,7750,33134.06479211624,7936000,2.13006854057312,
2.2300358712673187,241.47558690002188,241.47558690002188,gpt2,gpt2_36m_seed_3,3,7813,33131.76335010815,8000512,2.288731575012207,2.2300358712673187
2.2300358712673187,247.18239620001987,247.18239620001987,gpt2,gpt2_36m_seed_3,3,8000,33141.51867583255,8192000,2.316829204559326,
2.2300358712673187,254.6676816000254,254.6676816000254,gpt2,gpt2_36m_seed_3,3,8250,33172.6426648365,8448000,2.118865489959717,
2.2300358712673187,262.17422879999503,262.17422879999503,gpt2,gpt2_36m_seed_3,3,8500,33199.29666557739,8704000,2.3852193355560303,
2.2300358712673187,269.6030323000159,269.6030323000159,gpt2,gpt2_36m_seed_3,3,8750,33234.04756823824,8960000,2.2973904609680176,
2.2126302421092987,270.87564230000135,270.87564230000135,gpt2,gpt2_36m_seed_3,3,8790,33229.12286823936,9000960,2.3403337001800537,2.2126302421092987
2.2126302421092987,277.06574789999286,277.06574789999286,gpt2,gpt2_36m_seed_3,3,9000,33262.862948062866,9216000,2.224311351776123,
2.2126302421092987,284.4007803000277,284.4007803000277,gpt2,gpt2_36m_seed_3,3,9250,33305.1125598444,9472000,2.216644287109375,
2.2126302421092987,291.73009919998003,291.73009919998003,gpt2,gpt2_36m_seed_3,3,9500,33345.89069375213,9728000,2.0778396129608154,
2.2126302421092987,299.0481314000208,299.0481314000208,gpt2,gpt2_36m_seed_3,3,9750,33385.93006168941,9984000,2.2500932216644287,
2.176414132118225,299.6086383999791,299.6086383999791,gpt2,gpt2_36m_seed_3,3,9766,33378.156429019364,10000384,2.2991085052490234,2.176414132118225
2.176414132118225,7.93117999995593,307.53981839993503,gpt2,gpt2_36m_seed_3,3,10000,30211.897851433387,10240000,2.180236339569092,
2.176414132118225,16.16134140000213,315.76997979998123,gpt2,gpt2_36m_seed_3,3,10250,30666.761361772526,10496000,2.0660593509674072,
2.176414132118225,24.43864109995775,324.04727949993685,gpt2,gpt2_36m_seed_3,3,10500,30755.228857683884,10752000,2.2174127101898193,
2.167480707168579,32.60308969998732,332.2117280999664,gpt2,gpt2_36m_seed_3,3,10743,30685.680688735123,11000832,2.136556386947632,2.167480707168579
2.167480707168579,0.49465469998540357,332.7063827999518,gpt2,gpt2_36m_seed_3,3,10750,14490.916593355963,11008000,2.2911179065704346,
2.167480707168579,9.125180100032594,341.336908199999,gpt2,gpt2_36m_seed_3,3,11000,28839.75955708096,11264000,2.248539447784424,
2.167480707168579,17.790772999986075,350.0025010999525,gpt2,gpt2_36m_seed_3,3,11250,29181.86860123539,11520000,2.1966211795806885,
2.167480707168579,26.27233690000139,358.4840649999678,gpt2,gpt2_36m_seed_3,3,11500,29505.10276076579,11776000,2.0115954875946045,
2.1501705944538116,33.56595489999745,365.7776829999639,gpt2,gpt2_36m_seed_3,3,11719,29774.931265252813,12000256,2.284212350845337,2.1501705944538116
2.1501705944538116,1.3105908999568783,367.0882738999207,gpt2,gpt2_36m_seed_3,3,11750,23439.80871606141,12032000,2.1698477268218994,
2.1501705944538116,9.746420599985868,375.5241035999497,gpt2,gpt2_36m_seed_3,3,12000,29417.97935545853,12288000,2.01837420463562,
2.1501705944538116,18.215521699981764,383.9932046999456,gpt2,gpt2_36m_seed_3,3,12250,29794.370369339646,12544000,2.0937063694000244,
2.1501705944538116,26.686530499951914,392.46421349991573,gpt2,gpt2_36m_seed_3,3,12500,29929.705549450842,12800000,2.2004876136779785,
2.134610638022423,33.493128999951296,399.2708119999151,gpt2,gpt2_36m_seed_3,3,12696,29839.67248928738,13000704,2.1788747310638428,2.134610638022423
2.134610638022423,1.983237000007648,401.25404899992276,gpt2,gpt2_36m_seed_3,3,12750,27365.36278810385,13056000,2.0963573455810547,
2.134610638022423,10.412155399972107,409.6829673998872,gpt2,gpt2_36m_seed_3,3,13000,29799.017406216506,13312000,2.0445590019226074,
2.134610638022423,18.78258850000566,418.05340049992077,gpt2,gpt2_36m_seed_3,3,13250,30148.773157641685,13568000,2.2051053047180176,
2.134610638022423,27.18816690001404,426.45897889992915,gpt2,gpt2_36m_seed_3,3,13500,30243.74548765829,13824000,2.2960031032562256,
2.12150214612484,32.959211999957915,432.230023999873,gpt2,gpt2_36m_seed_3,3,13672,30291.98634971233,14000128,2.004401206970215,2.12150214612484
2.12150214612484,2.978283200005535,435.20830719987856,gpt2,gpt2_36m_seed_3,3,13750,26130.490209881777,14080000,2.0404672622680664,
2.12150214612484,11.250024900014978,443.480048899888,gpt2,gpt2_36m_seed_3,3,14000,29673.178767769266,14336000,2.090118169784546,
2.12150214612484,19.404611599980853,451.6346355998539,gpt2,gpt2_36m_seed_3,3,14250,30396.073477738766,14592000,2.110067367553711,
2.12150214612484,27.61196910002036,459.8419930998934,gpt2,gpt2_36m_seed_3,3,14500,30632.51291264759,14848000,2.0925612449645996,
2.109302908182144,32.585860099992715,464.81588409986574,gpt2,gpt2_36m_seed_3,3,14649,30639.056232866573,15000576,2.1838440895080566,2.109302908182144
2.109302908182144,3.5067022999865003,468.32258639985224,gpt2,gpt2_36m_seed_3,3,14750,28909.211939773235,15104000,2.202714681625366,
2.109302908182144,11.814965399971697,476.63084949983744,gpt2,gpt2_36m_seed_3,3,15000,30247.739870728365,15360000,2.096381425857544,
2.109302908182144,20.070176799956243,484.886060899822,gpt2,gpt2_36m_seed_3,3,15250,30561.5643605759,15616000,2.1612448692321777,
2.109302908182144,28.501399699947797,493.31728379981354,gpt2,gpt2_36m_seed_3,3,15500,30502.922984571607,15872000,2.08413028717041,
2.10040345788002,32.825700299988966,497.6415843998547,gpt2,gpt2_36m_seed_3,3,15625,30383.997626406624,16000000,1.9607720375061035,2.10040345788002
2.10040345788002,4.398110099951737,502.03969449980644,gpt2,gpt2_36m_seed_3,3,15750,28404.927835110568,16128000,2.4289963245391846,
2.10040345788002,12.90397290000692,510.5455572998616,gpt2,gpt2_36m_seed_3,3,16000,29520.210787159645,16384000,2.3178510665893555,
2.10040345788002,21.806288699968718,519.4478730998235,gpt2,gpt2_36m_seed_3,3,16250,29208.454898651034,16640000,2.2993619441986084,
2.10040345788002,30.275087999994867,527.9166723998496,gpt2,gpt2_36m_seed_3,3,16500,29493.820133574885,16896000,2.099283456802368,
2.095987766981125,33.75360629998613,531.3951906998409,gpt2,gpt2_36m_seed_3,3,16602,29548.724101827596,17000448,2.1198549270629883,2.095987766981125
2.095987766981125,4.955415699980222,536.3506063998211,gpt2,gpt2_36m_seed_3,3,16750,29963.177458672664,17152000,1.9739552736282349,
2.095987766981125,13.270118799991906,544.6653094998328,gpt2,gpt2_36m_seed_3,3,17000,30480.510845181485,17408000,2.2112905979156494,
2.095987766981125,21.561300799949095,552.95649149979,gpt2,gpt2_36m_seed_3,3,17250,30632.660159425974,17664000,2.1467373371124268,
2.095987766981125,29.882439899956807,561.2776305997977,gpt2,gpt2_36m_seed_3,3,17500,30669.517049754853,17920000,1.9773850440979004,
2.095987766981125,32.60702820000006,564.002218899841,gpt2,gpt2_36m_seed_3,3,17579,30587.761444632302,18000896,2.0240776538848877,2.0981903821229935
2.095987766981125,5.768061699985992,569.770280599827,gpt2,gpt2_36m_seed_3,3,17750,29824.92368284094,18176000,2.1633756160736084,
2.095987766981125,13.93842570000561,577.9406445998466,gpt2,gpt2_36m_seed_3,3,18000,30708.77652989374,18432000,2.043768882751465,
2.095987766981125,22.106355700001586,586.1085745998425,gpt2,gpt2_36m_seed_3,3,18250,30942.77542996157,18688000,1.9976375102996826,
2.095987766981125,30.324081300001126,594.3263001998421,gpt2,gpt2_36m_seed_3,3,18500,30999.521162738907,18944000,2.1593236923217773,
2.079640209674835,32.20844349998515,596.2106623998261,gpt2,gpt2_36m_seed_3,3,18555,30934.497036482353,19000320,2.253922700881958,2.079640209674835
2.079640209674835,6.657269399962388,602.8679317997885,gpt2,gpt2_36m_seed_3,3,18750,29379.012362201385,19200000,2.0186853408813477,
2.079640209674835,15.015634599956684,611.2262969997828,gpt2,gpt2_36m_seed_3,3,19000,30074.253405267515,19456000,2.0520031452178955,
2.079640209674835,23.309521699964534,619.5201840997906,gpt2,gpt2_36m_seed_3,3,19250,30356.00683308215,19712000,1.9750242233276367,
2.079640209674835,31.704164099995978,627.9148264998221,gpt2,gpt2_36m_seed_3,3,19500,30392.979198594367,19968000,2.1319215297698975,
2.077888533473015,32.89774879999459,629.1084111998207,gpt2,gpt2_36m_seed_3,3,19532,30286.327677234982,20000768,2.086815595626831,2.077888533473015
2.077888533473015,7.471036800008733,636.5794479998294,gpt2,gpt2_36m_seed_3,3,19750,29331.404176692566,20224000,2.124203681945801,
2.077888533473015,15.848265399981756,644.9566765998024,gpt2,gpt2_36m_seed_3,3,20000,29980.31570070419,20480000,1.9602031707763672,
2.077888533473015,24.100085899990518,653.2084970998112,gpt2,gpt2_36m_seed_3,3,20250,30337.485228643425,20736000,2.075408458709717,
2.077888533473015,32.29972050001379,661.4081316998345,gpt2,gpt2_36m_seed_3,3,20500,30561.750526589803,20992000,1.838608741760254,
2.0616234242916107,32.65162670001155,661.7600378998322,gpt2,gpt2_36m_seed_3,3,20508,30483.259200058415,21000192,1.8328547477722168,2.0616234242916107
2.0616234242916107,7.997615400003269,669.7576532998355,gpt2,gpt2_36m_seed_3,3,20750,30345.045099305575,21248000,2.1330177783966064,
2.0616234242916107,16.194647099997383,677.9546849998296,gpt2,gpt2_36m_seed_3,3,21000,30793.38480923617,21504000,2.0129926204681396,
2.0616234242916107,24.417840100009926,686.1778779998422,gpt2,gpt2_36m_seed_3,3,21250,30907.238187692663,21760000,2.0027620792388916,
2.050870254635811,32.208853099960834,693.9688909997931,gpt2,gpt2_36m_seed_3,3,21485,30902.311141318172,22000640,2.148303747177124,2.050870254635811
2.050870254635811,0.5735035000252537,694.5423944998183,gpt2,gpt2_36m_seed_3,3,21500,17855.165660800834,22016000,2.15867018699646,
2.050870254635811,8.807489799975883,702.776380799769,gpt2,gpt2_36m_seed_3,3,21750,30228.817296016514,22272000,1.9831541776657104,
2.050870254635811,17.125432599976193,711.0943235997693,gpt2,gpt2_36m_seed_3,3,22000,30494.996079732664,22528000,2.2098257541656494,
2.050870254635811,25.915459699986968,719.88435069978,gpt2,gpt2_36m_seed_3,3,22250,30029.951581387202,22784000,2.1143057346343994,
2.0470837354660034,34.25588720000815,728.2247781998012,gpt2,gpt2_36m_seed_3,3,22461,29025.78450806446,23000064,1.8023316860198975,2.0470837354660034
2.0470837354660034,1.5396278999978676,729.7644060997992,gpt2,gpt2_36m_seed_3,3,22500,21948.1603314975,23040000,2.0346128940582275,
2.0470837354660034,10.335078399977647,738.559856599779,gpt2,gpt2_36m_seed_3,3,22750,28039.65183279372,23296000,1.9195222854614258,
2.0470837354660034,18.594535999989603,746.8193141997909,gpt2,gpt2_36m_seed_3,3,23000,29352.278540336,23552000,2.0540804862976074,
2.0470837354660034,26.880780300009064,755.1055584998104,gpt2,gpt2_36m_seed_3,3,23250,29827.705559564045,23808000,1.992938756942749,
2.0470837354660034,33.14235789998202,761.3671360997834,gpt2,gpt2_36m_seed_3,3,23438,30001.003640134473,24000512,2.071622133255005,2.0541172474622726
