seed,sequence_length,cache_tensor_bytes,cache_mebibytes,cuda_peak_mb,segment_tokens_per_sec
1,512,143360,0.13671875,363.66064453125,79.8098478213267
1,4096,143360,0.13671875,363.66064453125,80.86363939927723
1,32768,143360,0.13671875,363.66064453125,80.92146777436474
2,512,143360,0.13671875,363.66064453125,77.1843248573709
2,4096,143360,0.13671875,363.66064453125,80.7627654380679
2,32768,143360,0.13671875,363.66064453125,81.05336761242825
3,512,143360,0.13671875,363.66064453125,79.51254434296781
3,4096,143360,0.13671875,363.66064453125,80.38436647349732
3,32768,143360,0.13671875,363.66064453125,80.06643080286922
